T,sigma,moneyness,r,model,Model Profit,Binomial Profit,Lower,Upper,Absolute Error,Relative Error
0.25,0.15,-10,0.01,poly,35.80938546896997,10.45787999193277,0.869333787204134,70.74943715073582,25.3515054770372,242.4153413176801
0.25,0.15,-10,0.01,random forest,59.16040409792062,10.45787999193277,41.04716206981777,77.27364612602346,48.70252410598785,465.70169234641315
0.25,0.15,-10,0.01,xgboost,167.63230681204604,10.45787999193277,109.6493891735077,225.61522445058438,157.17442682011327,1502.9281932988133
0.25,0.15,-10,0.01,mlp,64.65666395937836,10.45787999193277,15.165745037489081,114.14758288126765,54.19878396744559,518.2578496717751
0.25,0.15,-10,0.03,poly,35.77742084712479,10.86803441463789,0.8305754607249085,70.72426623352467,24.909386432486897,229.1986341056949
0.25,0.15,-10,0.03,random forest,59.22843128003826,10.86803441463789,41.10025173826191,77.3566108218146,48.36039686540037,444.97831917301374
0.25,0.15,-10,0.03,xgboost,167.75844747285456,10.86803441463789,109.76382030243528,225.75307464327383,156.89041305821667,1443.5951071971654
0.25,0.15,-10,0.03,mlp,64.72570112261147,10.86803441463789,15.224351579625548,114.22705066559739,53.85766670797358,495.5603253835303
0.25,0.15,-10,0.05,poly,35.808349935717345,11.280067112932068,0.8570365000107998,70.7596633714239,24.52828282278528,217.4480220482443
0.25,0.15,-10,0.05,random forest,59.29621220516935,11.280067112932068,41.15312413905355,77.43930027128513,48.01614509223728,425.6725125082724
0.25,0.15,-10,0.05,xgboost,167.8841330607069,11.280067112932068,109.87788171069322,225.89038441072057,156.6040659477748,1388.3256578166597
0.25,0.15,-10,0.05,mlp,64.79437810789302,11.280067112932068,15.282656225774168,114.30609999001189,53.51431099496096,474.414828025352
0.25,0.15,0,0.01,poly,57.303449171040654,3.105427674839538,10.11686089231921,104.4900374497621,54.198021496201115,1745.2675499519273
0.25,0.15,0,0.01,random forest,54.97987459045141,3.105427674839538,37.585464849110394,72.37428433179242,51.87444691561187,1670.4445360587024
0.25,0.15,0,0.01,xgboost,158.1697558306575,3.105427674839538,100.24337766903119,216.0961339922838,155.06432815581795,4993.33246148875
0.25,0.15,0,0.01,mlp,65.86759587052295,3.105427674839538,15.35233777193308,116.38285396911282,62.76216819568341,2021.04749385047
0.25,0.15,0,0.03,poly,57.904044307146826,3.357284017882388,10.726469716598643,105.08161889769501,54.54676028926444,1624.7287985980374
0.25,0.15,0,0.03,random forest,55.10160888918029,3.357284017882388,37.675366143001995,72.52785163535859,51.744324871297906,1541.2555087887893
0.25,0.15,0,0.03,xgboost,158.30870273288616,3.357284017882388,100.36852917222066,216.24887629355166,154.95141871500377,4615.380107541203
0.25,0.15,0,0.03,mlp,65.94452203193323,3.357284017882388,15.41770115294301,116.47134291092345,62.58723801405085,1864.2223202053617
0.25,0.15,0,0.05,poly,58.01090180333148,3.6207407796935125,10.784247312721462,105.2375562939415,54.390161023637965,1502.1832363332558
0.25,0.15,0,0.05,random forest,55.17478886861004,3.6207407796935125,37.732069833689096,72.61750790353098,51.554048088916524,1423.8536041588832
0.25,0.15,0,0.05,xgboost,158.44715120515923,3.6207407796935125,100.49327485802856,216.40102755228992,154.82641042546572,4276.0976232761805
0.25,0.15,0,0.05,mlp,68.64629517416536,3.6207407796935125,18.3861687648322,118.90642158349851,65.02555439447185,1795.9185247162634
0.25,0.15,10,0.01,poly,57.92796972259676,0.3983135882629568,10.909418510361945,104.94652093483157,57.5296561343338,14443.30744156138
0.25,0.15,10,0.01,random forest,44.95641862856883,0.3983135882629568,29.866070847498946,60.04676640963871,44.55810504030587,11186.689671980184
0.25,0.15,10,0.01,xgboost,149.5210083197745,0.3983135882629568,91.73195428587158,207.3100623536774,149.12269473151153,37438.51556303532
0.25,0.15,10,0.01,mlp,62.956802331791884,0.3983135882629568,13.314980706096506,112.59862395748726,62.558488743528926,15705.838461686963
0.25,0.15,10,0.03,poly,57.99522736051557,0.4553334467169294,10.968289553075373,105.02216516795576,57.53989391379864,12636.869601536191
0.25,0.15,10,0.03,random forest,45.02619161027738,0.4553334467169294,29.916350454413347,60.13603276614141,44.57085816356045,9788.619413954266
0.25,0.15,10,0.03,xgboost,149.67343091154623,0.4553334467169294,91.86863961222124,207.47822221087122,149.2180974648293,32771.16990652234
0.25,0.15,10,0.03,mlp,63.12880295485357,0.4553334467169294,13.476232468564874,112.78137344114226,62.67346950813664,13764.30173536084
0.25,0.15,10,0.05,poly,57.631369503375375,0.5188093788107278,10.581641382787438,104.68109762396331,57.112560124564645,11008.390067173492
0.25,0.15,10,0.05,random forest,45.10502585640923,0.5188093788107278,29.97249124825472,60.237560464563735,44.5862164775985,8593.949588922998
0.25,0.15,10,0.05,xgboost,149.8253094056648,0.5188093788107278,92.00487996579929,207.6457388455303,149.30650002685408,28778.68175188177
0.25,0.15,10,0.05,mlp,70.77769664242142,0.5188093788107278,18.768863129948038,122.78653015489479,70.25888726361069,13542.331756736141
0.25,0.25,-10,0.01,poly,139.17216878102602,11.481384022646221,29.634730054968102,248.70960750708394,127.69078475837979,1112.1549850307133
0.25,0.25,-10,0.01,random forest,69.47414902006545,11.481384022646221,45.50591773484589,93.44238030528501,57.99276499741923,505.10256327140166
0.25,0.25,-10,0.01,xgboost,293.01336480105556,11.481384022646221,168.0738636247103,417.95286597740085,281.5319807784093,2452.0735498708805
0.25,0.25,-10,0.01,mlp,115.56908183072126,11.481384022646221,32.927091203236884,198.21107245820565,104.08769780807503,906.5779665828561
0.25,0.25,-10,0.03,poly,139.2100920155013,11.833938135976057,29.66698228396119,248.75320174704137,127.37615387952523,1076.3631887874435
0.25,0.25,-10,0.03,random forest,69.51157635664495,11.833938135976057,45.53370760651836,93.48944510677154,57.6776382206689,487.391750387173
0.25,0.25,-10,0.03,xgboost,293.0914347034334,11.833938135976057,168.1448313149242,418.03803809194255,281.25749656745734,2376.7024411967604
0.25,0.25,-10,0.03,mlp,115.59669380951742,11.833938135976057,32.953189070930264,198.24019854810456,103.76275567354136,876.8235432809541
0.25,0.25,-10,0.05,poly,139.24790368300256,12.189616900755329,29.699190934359336,248.7966164316458,127.05828678224724,1042.3484824561965
0.25,0.25,-10,0.05,random forest,69.5488915026423,12.189616900755329,45.561403342274645,93.53637966300997,57.35927460188698,470.5584684809308
0.25,0.25,-10,0.05,xgboost,293.16858811503306,12.189616900755329,168.2149146072336,418.1222616228325,280.97897121427775,2305.0681042885517
0.25,0.25,-10,0.05,mlp,115.62416500612746,12.189616900755329,32.97917528889003,198.26915472336486,103.43454810537213,848.546340278855
0.25,0.25,0,0.01,poly,133.66037705069172,5.089515463010303,24.257507492291936,243.0632466090915,128.5708615876814,2526.190607379261
0.25,0.25,0,0.01,random forest,66.51077717267744,5.089515463010303,39.039337800235714,93.98221654511916,61.421261709667135,1206.8194341104959
0.25,0.25,0,0.01,xgboost,283.8975752240375,5.089515463010303,159.03595007553474,408.75920037254025,278.8080597610272,5478.086505235219
0.25,0.25,0,0.01,mlp,125.6247934437519,5.089515463010303,16.819538351248113,234.4300485362557,120.5352779807416,2368.305565761036
0.25,0.25,0,0.03,poly,134.20340644081273,5.331301813565619,24.809597543590527,243.5972153380349,128.8721046272471,2417.2727250092853
0.25,0.25,0,0.03,random forest,66.54660668734591,5.331301813565619,39.06299190950638,94.03022146518545,61.2153048737803,1148.2243364653743
0.25,0.25,0,0.03,xgboost,283.98436069789545,5.331301813565619,159.11403491423317,408.85468648155774,278.6530588843298,5226.735769775606
0.25,0.25,0,0.03,mlp,125.65300323976673,5.331301813565619,16.840289886653878,234.46571659287957,120.32170142620112,2256.8915742125087
0.25,0.25,0,0.05,poly,134.2449392568293,5.579616549489645,24.84417707730988,243.6457014363487,128.66532270733964,2305.9886206536607
0.25,0.25,0,0.05,random forest,66.58231494358267,5.579616549489645,39.08655592985427,94.07807395731108,61.00269839409303,1093.3134535862114
0.25,0.25,0,0.05,xgboost,284.0708426303108,5.579616549489645,159.19189726596994,408.9497879946516,278.49122608082115,4991.225178481021
0.25,0.25,0,0.05,mlp,125.68105454819006,5.579616549489645,16.860949642678747,234.50115945370138,120.10143799870042,2152.503436991308
0.25,0.25,10,0.01,poly,122.74431309684992,1.722305580660127,15.237344448739037,230.2512817449608,121.02200751618979,7026.744201212212
0.25,0.25,10,0.01,random forest,64.47140757907077,1.722305580660127,37.037193799371366,91.90562135877018,62.749101998410644,3643.3199022881936
0.25,0.25,10,0.01,xgboost,275.47895938359545,1.722305580660127,150.7533954312844,400.2045233359065,273.7566538029353,15894.77830629856
0.25,0.25,10,0.01,mlp,131.70434252925818,1.722305580660127,21.92674652700562,241.48193853151076,129.98203694859805,7546.9787944818945
0.25,0.25,10,0.03,poly,122.78784502049609,1.8387829396177195,15.273720880669089,230.3019691603231,120.94906208087838,6577.6693635206075
0.25,0.25,10,0.03,random forest,64.5000773786729,1.8387829396177195,37.05145057891983,91.94870417842597,62.661294439055176,3407.7591807591157
0.25,0.25,10,0.03,xgboost,275.57222715363986,1.8387829396177195,150.83617830531387,400.30827600196585,273.73344421402214,14886.664342825094
0.25,0.25,10,0.03,mlp,131.7251185962051,1.8387829396177195,21.93742074780502,241.5128164446052,129.8863356565874,7063.712244556205
0.25,0.25,10,0.05,poly,122.83123678124939,1.9610054363567142,15.310030149088647,230.35244341341013,120.87023134489267,6163.686703972295
0.25,0.25,10,0.05,random forest,64.52866784189972,1.9610054363567142,37.06567481486502,91.99166086893442,62.567662405543004,3190.590971628582
0.25,0.25,10,0.05,xgboost,275.665169081149,1.9610054363567142,150.91872206699088,400.41161609530707,273.7041636447923,13957.338341361154
0.25,0.25,10,0.05,mlp,131.7457720126812,1.9610054363567142,21.94805087286349,241.54349315249888,129.78476657632447,6618.276735501928
0.25,0.4,-10,0.01,poly,268.4447350622692,13.701948484573988,62.88576582838064,474.0037042961578,254.74278657769523,1859.1719773614045
0.25,0.4,-10,0.01,random forest,103.96388072043989,13.701948484573988,55.8632381540163,152.06452328686348,90.2619322358659,658.752529521514
0.25,0.4,-10,0.01,xgboost,410.574108475252,13.701948484573988,203.16825775957545,617.9799591909285,396.872159990678,2896.465130032324
0.25,0.4,-10,0.01,mlp,159.99253682544008,13.701948484573988,49.402336460066195,270.582737190814,146.2905883408661,1067.6626649528266
0.25,0.4,-10,0.03,poly,268.46042774836053,14.001497153183651,62.90431495626373,474.0165405404573,254.45893059517687,1817.3694413623346
0.25,0.4,-10,0.03,random forest,103.98250654906138,14.001497153183651,55.87527044402133,152.08974265410143,89.98100939587773,642.6527707104373
0.25,0.4,-10,0.03,xgboost,410.60507911327556,14.001497153183651,203.20191250523732,618.0082457213139,396.6035819600919,2832.579813580239
0.25,0.4,-10,0.03,mlp,160.00770431462092,14.001497153183651,49.42620834140192,270.58920028783996,146.00620716143726,1042.7899642734883
0.25,0.4,-10,0.05,poly,268.4760491901734,14.303470051142844,62.922826592426986,474.0292717879198,254.17257913903055,1776.9994150386062
0.25,0.4,-10,0.05,random forest,104.00108442371436,14.303470051142844,55.88726795754358,152.11490088988515,89.69761437257152,627.103870961751
0.25,0.4,-10,0.05,xgboost,410.6359346883972,14.303470051142844,203.23548567661132,618.036383700183,396.33246463725436,2770.8833116729425
0.25,0.4,-10,0.05,mlp,160.0228156415573,14.303470051142844,49.450030854806414,270.59560042830816,145.71934559041443,1018.7691872628593
0.25,0.4,0,0.01,poly,267.3294268197836,8.060060816521945,62.20021239206784,472.4586412474993,259.2693660032616,3216.7172420311936
0.25,0.4,0,0.01,random forest,107.78775801899697,8.060060816521945,52.62366061517925,162.95185542281467,99.72769720247503,1237.3070063943915
0.25,0.4,0,0.01,xgboost,402.1589928706784,8.060060816521945,194.8730691102344,609.4449166311224,394.0989320541564,4889.52802001582
0.25,0.4,0,0.01,mlp,155.04004535690564,8.060060816521945,44.14806473205748,265.9320259817538,146.9799845403837,1823.5592495666563
0.25,0.4,0,0.03,poly,267.3485877426314,8.29160111885939,62.221582868450895,472.4755926168119,259.05698662377205,3124.3300649683024
0.25,0.4,0,0.03,random forest,107.806722899864,8.29160111885939,52.63712007024754,162.97632572948046,99.51512178100461,1200.1918610707858
0.25,0.4,0,0.03,xgboost,402.1940756071833,8.29160111885939,194.91004956238825,609.4781016519784,393.90247448832395,4750.62016179705
0.25,0.4,0,0.03,mlp,155.05204956972807,8.29160111885939,44.16790074462574,265.9361983948304,146.7604484508687,1769.9892499297816
0.25,0.4,0,0.05,poly,267.36767148977015,8.526815406302743,62.24291113043759,472.4924318491027,258.84085608346743,3035.6099405194195
0.25,0.4,0,0.05,random forest,107.82563385810525,8.526815406302743,52.65053872240921,163.0007289938013,99.2988184518025,1164.5475329324481
0.25,0.4,0,0.05,xgboost,402.2290354457775,8.526815406302743,194.9469419125163,609.5111289790387,393.7022200394748,4617.224617627619
0.25,0.4,0,0.05,mlp,155.06400057628738,8.526815406302743,44.187692027812105,265.9403091247627,146.53718516998464,1718.545297247424
0.25,0.4,10,0.01,poly,274.1342301482409,4.327457515716605,69.15567570803262,479.11278458844913,269.80677263252426,6234.764215538361
0.25,0.4,10,0.01,random forest,88.71110559826062,4.327457515716605,36.169974697612815,141.25223649890842,84.38364808254401,1949.9590181088238
0.25,0.4,10,0.01,xgboost,394.10627666819494,4.327457515716605,186.9649159292893,601.2476374071006,389.7788191524783,9007.109087422963
0.25,0.4,10,0.01,mlp,151.81529685163022,4.327457515716605,41.30107208394192,262.32952161931854,147.4878393359136,3408.1868811019476
0.25,0.4,10,0.03,poly,274.1546520040137,4.4843143489298924,69.17758546391397,479.1317185441135,269.6703376550838,6013.63590220735
0.25,0.4,10,0.03,random forest,88.7301287441488,4.4843143489298924,36.18249930464454,141.27775818365308,84.2458143952189,1878.6777161445598
0.25,0.4,10,0.03,xgboost,394.14532945822134,4.4843143489298924,187.00507683641587,601.2855820800269,389.66101510929144,8689.4223907893
0.25,0.4,10,0.03,mlp,151.82907238324657,4.4843143489298924,41.322172269857305,262.3359724966358,147.34475803431667,3285.7812046445415
0.25,0.4,10,0.05,poly,274.1749926704404,4.644992416261255,69.19945025053045,479.1505350903504,269.5300002541792,5802.592902210234
0.25,0.4,10,0.05,random forest,88.74909707428806,4.644992416261255,36.19498347002764,141.30321067854848,84.1041046580268,1810.6403008020845
0.25,0.4,10,0.05,xgboost,394.1842509695879,4.644992416261255,187.04514248521764,601.3233594539581,389.53925855332665,8386.219473461832
0.25,0.4,10,0.05,mlp,151.84279005741328,4.644992416261255,41.34322353404171,262.34235658078484,147.19779764115202,3168.956683886929
0.5,0.15,-10,0.01,poly,35.824905976734264,11.210476326019549,0.8825940281704021,70.76721792529813,24.614429650714715,219.5663139984922
0.5,0.15,-10,0.01,random forest,59.19444853199508,11.210476326019549,41.0737341374052,77.31516292658496,47.98397220597553,428.02795180615647
0.5,0.15,-10,0.01,xgboost,167.69543412688654,11.210476326019549,109.70665103642824,225.68421721734484,156.484957800867,1395.881434918737
0.5,0.15,-10,0.01,mlp,64.6912276668552,11.210476326019549,15.195086146678904,114.18736918703149,53.48075134083565,477.0604725930037
0.5,0.15,-10,0.03,poly,35.82379364364334,11.960708497552872,0.8702625512922992,70.77732473599438,23.86308514609047,199.51230440046916
0.5,0.15,-10,0.03,random forest,55.76604278985393,11.960708497552872,37.819752512548774,73.71233306715908,43.805334292301055,366.2436410122653
0.5,0.15,-10,0.03,xgboost,167.94680570283444,11.960708497552872,109.93477418549246,225.9588372201764,155.98609720528157,1304.1543252826193
0.5,0.15,-10,0.03,mlp,64.82858205063033,11.960708497552872,15.311695841935574,114.34546825932509,52.86787355307746,442.01289216181533
0.5,0.15,-10,0.05,poly,35.88543000600848,12.721554156092706,0.923136924932443,70.84772308708452,23.16387584991577,182.08369485124538
0.5,0.15,-10,0.05,random forest,57.3670171248786,12.721554156092706,38.94756844128418,75.78646580847303,44.64546296878589,350.94346509073296
0.5,0.15,-10,0.05,xgboost,168.16831768630396,12.721554156092706,110.13073585372598,226.20589951888195,155.44676353021126,1221.9164547262765
0.5,0.15,-10,0.05,mlp,64.96450561973316,12.721554156092706,15.427107599918145,114.50190363954817,52.24295146364045,410.6648513430244
0.5,0.15,0,0.01,poly,57.37749360251937,4.459929017110389,10.189178065748514,104.56580913929022,52.91756458540898,1186.5113633511266
0.5,0.15,0,0.01,random forest,55.06491889191104,4.459929017110389,37.646923586028706,72.48291419779338,50.60498987480065,1134.6590871885194
0.5,0.15,0,0.01,xgboost,158.23929169652547,4.459929017110389,100.3060042409233,216.17257915212764,153.77936267941507,3448.022649899695
0.5,0.15,0,0.01,mlp,65.9061089782096,4.459929017110389,15.385062096813904,116.4271558596053,61.44617996109921,1377.738966816797
0.5,0.15,0,0.03,poly,58.12385023878458,4.965735214754316,10.895963495956984,105.35173698161216,53.15811502403026,1070.498379899225
0.5,0.15,0,0.03,random forest,55.2112791110303,4.965735214754316,37.760331311438634,72.66222691062197,50.24554389627598,1011.8450083078367
0.5,0.15,0,0.03,xgboost,158.51618908397256,4.965735214754316,100.55549598396175,216.47688218398338,153.55045386921825,3092.1997897307397
0.5,0.15,0,0.03,mlp,68.6857917138188,4.965735214754316,18.418371098591336,118.95321232904627,63.72005649906448,1283.1948088923039
0.5,0.15,0,0.05,poly,46.18326114582646,5.502452603530735,6.456817174932517,85.9097051167204,40.68080854229572,739.3213803639535
0.5,0.15,0,0.05,random forest,55.35657812188002,5.502452603530735,37.872778753305894,72.84037749045415,49.854125518349285,906.0346196595971
0.5,0.15,0,0.05,xgboost,158.79110336312473,5.502452603530735,100.80337335450372,216.77883337174575,153.288650759594,2785.8241007152687
0.5,0.15,0,0.05,mlp,68.84274452464776,5.502452603530735,18.54634371624082,119.1391453330547,63.34029192111702,1151.128351027935
0.5,0.15,10,0.01,poly,57.961618617197054,1.1901123053532008,10.938865774130832,104.98437146026328,56.77150631184385,4770.264625992187
0.5,0.15,10,0.01,random forest,44.991336789106136,1.1901123053532008,29.89123795224736,60.09143562596491,43.80122448375293,3680.4278290991733
0.5,0.15,10,0.01,xgboost,149.59728774988167,1.1901123053532008,91.80035267416807,207.39422282559528,148.40717544452846,12470.01436561773
0.5,0.15,10,0.01,mlp,62.990523943700026,1.1901123053532008,13.340952203680608,112.64009568371944,61.80041163834682,5192.821833734904
0.5,0.15,10,0.03,poly,57.49492988827421,1.3983905877565799,10.434337146077326,104.55552263047109,56.09653930051763,4011.5072134826496
0.5,0.15,10,0.03,random forest,45.13966397719189,1.3983905877565799,29.997422484171288,60.281905470212486,43.74127338943531,3127.97252587411
0.5,0.15,10,0.03,xgboost,149.90104522492766,1.3983905877565799,92.07283379420667,207.72925665564864,148.50265463717108,10619.540487283455
0.5,0.15,10,0.03,mlp,70.81480438861666,1.3983905877565799,18.798404503815988,122.83120427341734,69.41641380086008,4964.021812548378
0.5,0.15,10,0.05,poly,60.75196335477547,1.6330664059689632,13.485749064311058,108.01817764523989,59.11889694880651,3620.1159201317914
0.5,0.15,10,0.05,random forest,46.12163597999149,1.6330664059689632,30.717419605985842,61.52585235399714,44.48856957402253,2724.2351818281195
0.5,0.15,10,0.05,xgboost,150.20263797286538,1.6330664059689632,92.34354491296624,208.0617310327645,148.5695715668964,9097.582990126122
0.5,0.15,10,0.05,mlp,64.15359487642907,1.6330664059689632,14.00425297291688,114.30293677994126,62.52052847046011,3828.4131154705983
0.5,0.25,-10,0.01,poly,139.19114436336994,13.136524563268889,29.650861623148103,248.73142710359178,126.05461980010105,959.5735857912
0.5,0.25,-10,0.01,random forest,69.49287673704816,13.136524563268889,45.519824467106474,93.46592900698985,56.35635217377927,429.00503784203005
0.5,0.25,-10,0.01,xgboost,293.05275389034273,13.136524563268889,168.10971388708776,417.9957938935977,279.91622932707384,2130.8240850076068
0.5,0.25,-10,0.01,mlp,115.58290545129316,13.136524563268889,32.94015412511624,198.22565677747008,102.44638088802427,779.8590897814416
0.5,0.25,-10,0.03,poly,139.05802887804526,13.766780276846289,29.49702680394799,248.61903095214254,125.29124860119897,910.0984114050293
0.5,0.25,-10,0.03,random forest,69.96429803961595,13.766780276846289,45.68432278617297,94.24427329305894,56.197517762769664,408.2110459573882
0.5,0.25,-10,0.03,xgboost,293.2070609147818,13.766780276846289,168.24988062241212,418.16424120715146,279.4402806379355,2029.8157958394465
0.5,0.25,-10,0.03,mlp,115.63784797774511,13.766780276846289,32.99212668787625,198.28356926761398,101.87106770089882,739.9774359167412
0.5,0.25,-10,0.05,poly,140.09775591587015,14.407136696553135,30.50227144709747,249.69324038464282,125.69061921931701,872.4191480003666
0.5,0.25,-10,0.05,random forest,70.04849244856119,14.407136696553135,45.74936550870348,94.3476193884189,55.64135575200805,386.2068981779015
0.5,0.25,-10,0.05,xgboost,293.3602617457506,14.407136696553135,168.3892422279648,418.3312812635364,278.95312504919747,1936.2148838078022
0.5,0.25,-10,0.05,mlp,115.6922305671221,14.407136696553135,33.043655689135406,198.3408054451088,101.28509387056896,703.0202878188912
0.5,0.25,0,0.01,poly,133.6811927546549,7.257895138671011,24.274808635030794,243.08757687427897,126.42329761598387,1741.8727496128192
0.5,0.25,0,0.01,random forest,66.52870711524083,7.257895138671011,39.05117614511622,94.00623808536545,59.270811976569824,816.6391335797512
0.5,0.25,0,0.01,xgboost,283.94100595962084,7.257895138671011,159.07502034793356,408.8069915713081,276.6831108209498,3812.1673782078515
0.5,0.25,0,0.01,mlp,125.63891818898557,7.257895138671011,16.829925617343235,234.4479107606279,118.38102305031455,1631.0654919711505
0.5,0.25,0,0.03,poly,134.2656534778898,7.735372132498741,24.861441585839174,243.66986536994042,126.53028134539106,1635.7361892622773
0.5,0.25,0,0.03,random forest,66.60012373911381,7.735372132498741,39.098304301823994,94.10194317640364,58.86475160661507,760.9815093356099
0.5,0.25,0,0.03,xgboost,284.11397004782026,7.735372132498741,159.23074521970705,408.9971948759335,276.3785979153215,3572.9192232933146
0.5,0.25,0,0.03,mlp,125.69502095054429,7.735372132498741,16.871245232933447,234.51879666815512,117.95964881804555,1524.938255038304
0.5,0.25,0,0.05,poly,134.3481637246204,8.229770391443004,24.930331885753873,243.76599556348694,126.11839333317741,1532.4655164658107
0.5,0.25,0,0.05,random forest,66.67105799804582,8.229770391443004,39.145074879082514,94.19704111700914,58.44128760660282,710.120511592496
0.5,0.25,0,0.05,xgboost,284.28572532270005,8.229770391443004,159.3855841761718,409.1858664692283,276.055954931257,3354.357920098102
0.5,0.25,0,0.05,mlp,125.75049322850495,8.229770391443004,16.912200210589617,234.58878624642028,117.52072283706195,1427.9951596129029
0.5,0.25,10,0.01,poly,122.76609660706805,3.557407727288622,15.255541074339092,230.27665213979702,119.20868887977943,3350.9987614109577
0.5,0.25,10,0.01,random forest,64.48575241021592,3.557407727288622,37.04432626350583,91.92717855692601,60.9283446829273,1712.7174997555182
0.5,0.25,10,0.01,xgboost,275.5256340601732,3.557407727288622,150.79481680369514,400.2564513166513,271.96822633288457,7645.123842472023
0.5,0.25,10,0.01,mlp,131.7147459184043,3.557407727288622,21.93208915944824,241.49740267736036,128.15733819111568,3602.548485180089
0.5,0.25,10,0.03,poly,122.62342237977826,3.862373867916949,15.089818421955485,230.15702633760105,118.76104851186132,3074.820112531245
0.5,0.25,10,0.03,random forest,63.8677536807168,3.862373867916949,36.5755042735134,91.1600030879202,60.00537981279985,1553.5880747132821
0.5,0.25,10,0.03,xgboost,275.7115181595663,3.862373867916949,150.95990451199037,400.46313180714225,271.84914429164934,7038.395390715055
0.5,0.25,10,0.03,mlp,131.7560528485677,3.862373867916949,21.95334944975025,241.55875624738513,127.89367898065075,3311.271341260038
0.5,0.25,10,0.05,poly,122.7089613012856,4.184860717702991,15.16149567550903,230.25642692706217,118.52410058358261,2832.2113584855165
0.5,0.25,10,0.05,random forest,63.924624795777,4.184860717702991,36.60371205526789,91.24553753628611,59.73976407807401,1427.5209644459637
0.5,0.25,10,0.05,xgboost,275.8961047445868,4.184860717702991,151.12404020204207,400.66816928713155,271.71124402688383,6492.718930345242
0.5,0.25,10,0.05,mlp,131.79687150603843,4.184860717702991,21.974434319688214,241.61930869238864,127.61201078833544,3049.372951613544
0.5,0.4,-10,0.01,poly,268.4525903204019,16.645657023377726,62.89504508677601,474.0101355540278,251.80693329702416,1512.7485382125676
0.5,0.4,-10,0.01,random forest,103.97319963829653,16.645657023377726,55.86925865510981,152.07714062148327,87.32754261491881,524.6265887388706
0.5,0.4,-10,0.01,xgboost,410.5896081912,16.645657023377726,203.18509534199958,617.9941210404004,393.94395116782226,2366.6470516276645
0.5,0.4,-10,0.01,mlp,160.00012759948794,16.645657023377726,49.41427858082197,270.5859766181539,143.3544705761102,861.2124494381826
0.5,0.4,-10,0.03,poly,268.4838332421427,17.180001894803347,62.93206839096126,474.0355980933241,251.30383134733933,1462.7695205514174
0.5,0.4,-10,0.03,random forest,104.01035542470207,17.180001894803347,55.8932537181452,152.12745713125895,86.83035352989873,505.4152733019396
0.5,0.4,-10,0.03,xgboost,410.6513193976187,17.180001894803347,203.2522417358506,618.0503970593868,393.47131750281534,2290.286810863703
0.5,0.4,-10,0.03,mlp,160.0303502899745,17.180001894803347,49.461923643910666,270.59877693603835,142.85034839517115,831.4920409780683
0.5,0.4,-10,0.05,poly,268.51479210002464,17.720766272803047,62.96894249133072,474.06064170871855,250.7940258272216,1415.2549724225403
0.5,0.4,-10,0.05,random forest,104.04732028403352,17.720766272803047,55.9171105369391,152.17753003112793,86.32655401123047,487.1491033867998
0.5,0.4,-10,0.05,xgboost,410.7125716987438,17.720766272803047,203.31906305701722,618.1060803404703,392.9918054259407,2217.6908118758106
0.5,0.4,-10,0.05,mlp,160.06034920872787,17.720766272803047,49.50937210428954,270.6113263131662,142.33958293592482,803.2360494161054
0.5,0.4,0,0.01,poly,267.3390169387815,11.439106399227157,62.21090291601513,472.4671309615479,255.89991053955436,2237.0620711845404
0.5,0.4,0,0.01,random forest,107.79724721026005,11.439106399227157,52.63039545359095,162.96409896692916,96.3581408110329,842.357238827178
0.5,0.4,0,0.01,xgboost,402.1765496167008,11.439106399227157,194.89157036327057,609.461528870131,390.73744321747364,3415.803906185123
0.5,0.4,0,0.01,mlp,155.04605412356761,11.439106399227157,44.15798833879744,265.9341199083378,143.60694772434044,1255.4035491272532
0.5,0.4,0,0.03,poly,267.3771844753958,11.887787879768858,62.25355947570384,472.50080947508775,255.4893965956269,2149.1752643940563
0.5,0.4,0,0.03,random forest,107.83506916863642,11.887787879768858,52.65723279982176,163.01290553745108,95.94728128886757,807.1079519525641
0.5,0.4,0,0.03,xgboost,402.246469355882,11.887787879768858,194.96535512020935,609.5275835915547,390.3586814761132,3283.6948759864918
0.5,0.4,0,0.03,mlp,155.0699561744563,11.887787879768858,44.19757094218548,265.9423414067271,143.18216829468744,1204.4475367731025
0.5,0.4,0,0.05,poly,267.4150443235833,12.34551377521058,62.29604803324136,472.5340406139252,255.0695305483727,2066.09085043139
0.5,0.4,0,0.05,random forest,107.87267644018439,12.34551377521058,52.68390793783256,163.06144494253624,95.52716266497382,773.780374023716
0.5,0.4,0,0.05,xgboost,402.3158989891345,12.34551377521058,195.03878882717558,609.5930091510934,389.9703852139239,3158.8023983009334
0.5,0.4,0,0.05,mlp,155.09364630515734,12.34551377521058,44.23697551454448,265.9503170957702,142.74813252994676,1156.2753493222833
0.5,0.4,10,0.01,poly,274.1444512362881,7.589416048443485,69.1666362168888,479.12226625568735,266.5550351878446,3512.1942648342815
0.5,0.4,10,0.01,random forest,88.7206240344124,7.589416048443485,36.176242067719656,141.26500600110512,81.13120798596891,1069.0046173263636
0.5,0.4,10,0.01,xgboost,394.1258194900805,7.589416048443485,186.98500830582012,601.266630674341,386.53640344163705,5093.098085206593
0.5,0.4,10,0.01,mlp,151.82219186008626,7.589416048443485,41.31162830250477,262.3327554176677,144.23277581164277,1900.4462911375572
0.5,0.4,10,0.03,poly,274.1851326149968,7.943350398713508,69.21036582902957,479.15989940096404,266.2417822162833,3351.756738056065
0.5,0.4,10,0.03,random forest,88.75856073952588,7.943350398713508,36.201210443855246,141.3159110351965,80.81521034081237,1017.3945033811057
0.5,0.4,10,0.03,xgboost,394.2036625808282,7.943350398713508,187.06513966597439,601.3421854956821,386.2603121821147,4862.687566252558
0.5,0.4,10,0.03,mlp,151.8496272501746,7.943350398713508,41.35373087229678,262.34552362805243,143.9062768514611,1811.6571676703056
0.5,0.4,10,0.05,poly,274.22549033501815,8.307398057873145,69.25391649598515,479.19706417405115,265.918092277145,3200.979300915131
0.5,0.4,10,0.05,random forest,88.79627925574552,8.307398057873145,36.22601813955792,141.36654037193313,80.48888119787237,968.8819608396024
0.5,0.4,10,0.05,xgboost,394.2809821869573,8.307398057873145,187.14489149154087,601.4170728823738,385.97358412908414,4646.142889027528
0.5,0.4,10,0.05,mlp,151.87683221079826,8.307398057873145,41.395638747213184,262.3580256743833,143.5694341529251,1728.2118077496054
1.0,0.15,-10,0.01,poly,35.792892343178046,12.650616678134458,0.8438074692108941,70.7419772171452,23.142275665043588,182.93397273702152
1.0,0.15,-10,0.01,random forest,59.2623524639018,12.650616678134458,41.126715022348975,77.39798990545462,46.61173578576734,368.45425777805644
1.0,0.15,-10,0.01,xgboost,167.82134705068555,12.650616678134458,109.82089713836918,225.82179696300193,155.17073037255108,1226.5862947278358
1.0,0.15,-10,0.01,mlp,64.76008453400506,12.650616678134458,15.253541538728705,114.26662752928141,52.109467855870605,411.91247179228424
1.0,0.15,-10,0.03,poly,35.916165368361995,14.01019446561302,0.9495561877329877,70.882774548991,21.905970902748976,156.3573650352645
1.0,0.15,-10,0.03,random forest,57.43197727201446,14.01019446561302,38.997460253247056,75.86649429078186,43.42178280640144,309.9299079179591
1.0,0.15,-10,0.03,xgboost,168.3204719738752,14.01019446561302,110.274204239831,226.36673970791938,154.31027750826217,1101.4142443704495
1.0,0.15,-10,0.03,mlp,65.03193494602564,14.01019446561302,15.48436823950474,114.57950165254655,51.021740480412625,364.1758192981667
1.0,0.15,-10,0.05,poly,36.038558171596144,15.407007982855097,1.0551134174051313,71.02200292578715,20.631550188741045,133.91016744912324
1.0,0.15,-10,0.05,random forest,58.55192034338533,15.407007982855097,40.12368537477016,76.9801553120005,43.144912360530235,280.0343350801262
1.0,0.15,-10,0.05,xgboost,168.78461397963744,15.407007982855097,110.69124650808288,226.877981451192,153.37760599678234,995.5054619784761
1.0,0.15,-10,0.05,mlp,65.29814035583195,15.407007982855097,15.710479244563501,114.88580146710039,49.89113237297685,323.82103279556713
1.0,0.15,0,0.01,poly,57.98367130565478,6.439679807634187,10.76078444200801,105.20655816930156,51.543991498020596,800.4123347393083
1.0,0.15,0,0.01,random forest,55.138232171322535,6.439679807634187,37.70374816810022,72.57271617454485,48.69855236368835,756.2263003504712
1.0,0.15,0,0.01,xgboost,158.37798916187117,6.439679807634187,100.43095264928016,216.32502567446218,151.938309354237,2359.4078260555034
1.0,0.15,0,0.01,mlp,68.6066948249459,6.439679807634187,18.353882311754198,118.8595073381376,62.16701501731172,965.3743178909803
1.0,0.15,0,0.03,poly,45.93735937172178,7.454094284918045,6.199912423587044,85.67480631985651,38.48326508680374,516.2701679889852
1.0,0.15,0,0.03,random forest,55.42883225699091,7.454094284918045,37.92864576010609,72.92901875387572,47.974737972072866,643.6025107589625
1.0,0.15,0,0.03,xgboost,158.92782123445738,7.454094284918045,100.92671033440976,216.928932134505,151.47372694953933,2032.0876173516865
1.0,0.15,0,0.03,mlp,68.92060422894096,7.454094284918045,18.60983110861926,119.23137734926266,61.46650994402292,824.6006502545697
1.0,0.15,0,0.05,poly,43.38794622275461,8.547732966066718,3.688104666588437,83.08778777892078,34.84021325668789,407.5959484812941
1.0,0.15,0,0.05,random forest,53.91926725832299,8.547732966066718,36.53640885851296,71.30212565813302,45.37153429225627,530.8019620216821
1.0,0.15,0,0.05,xgboost,159.469804930355,8.547732966066718,101.41608091707505,217.52352894363494,150.92207196428828,1765.6385916994295
1.0,0.15,0,0.05,mlp,69.2279754101769,8.547732966066718,18.860495616970034,119.59545520338375,60.68024244411018,709.898667693552
1.0,0.15,10,0.01,poly,58.02879601011224,2.751670954396167,10.9976898737576,105.05990214646687,55.27712505571607,2008.856653714478
1.0,0.15,10,0.01,random forest,45.07032484212104,2.751670954396167,29.94750596845436,60.19314371578771,42.31865388772487,1537.9256673155303
1.0,0.15,10,0.01,xgboost,149.74943804892214,2.751670954396167,91.93681530720332,207.56206079064097,146.99776709452598,5342.127366634341
1.0,0.15,10,0.01,mlp,63.1623689797891,2.751670954396167,13.50209321066756,112.82264474891065,60.41069802539293,2195.418675655193
1.0,0.15,10,0.03,poly,60.91605051166114,3.350458182811729,13.642716185731565,108.18938483759072,57.56559232884941,1718.1408985842033
1.0,0.15,10,0.03,random forest,46.190259931598845,3.350458182811729,30.7670171261786,61.61350273701909,42.83980174878712,1278.6251733736203
1.0,0.15,10,0.03,xgboost,150.35262740744557,3.350458182811729,92.47824081684215,208.227013998049,147.00216922463383,4387.524368421412
1.0,0.15,10,0.03,mlp,64.21554353818759,3.350458182811729,14.05314225158903,114.37794482478614,60.86508535537586,1816.619758683197
1.0,0.15,10,0.05,poly,61.11435861318412,4.033692705619048,13.805255844380355,108.42346138198789,57.08066590756508,1415.0970357273397
1.0,0.15,10,0.05,random forest,47.2966247718266,4.033692705619048,31.60063015232287,62.99261939133033,43.262932066207554,1072.5391154844558
1.0,0.15,10,0.05,xgboost,150.94725024613882,4.033692705619048,93.01266454725192,208.88183594502573,146.91355754051978,3642.160379145021
1.0,0.15,10,0.05,mlp,63.25486472609803,4.033692705619048,13.55830955293559,112.95141989926046,59.22117202047898,1468.1627070396864
1.0,0.25,-10,0.01,poly,139.22901177590805,15.801550017052818,29.683092050131762,248.77493150168434,123.42746175885523,781.1098381212854
1.0,0.25,-10,0.01,random forest,69.53024792862257,15.801550017052818,45.54756721200117,93.51292864524397,53.72869791156975,340.0216931477385
1.0,0.25,-10,0.01,xgboost,293.1300460780912,15.801550017052818,168.17989819649682,418.0801939596856,277.3284960610384,1755.071469328953
1.0,0.25,-10,0.01,mlp,115.610446972232,15.801550017052818,32.96619610435317,198.25469784011082,99.80889695517918,631.6399141063173
1.0,0.25,-10,0.03,poly,140.1351726057095,16.932126609103065,30.53434196505313,249.73600324636587,123.20304599660643,727.628896481142
1.0,0.25,-10,0.03,random forest,69.56351091407713,16.932126609103065,45.50590516760843,93.62111666054582,52.63138430497406,310.83741292531045
1.0,0.25,-10,0.03,xgboost,293.4372946580311,16.932126609103065,168.45954492873494,418.4150443873272,276.505168048928,1633.0209100862323
1.0,0.25,-10,0.03,mlp,115.71921320741401,16.932126609103065,33.069255110837375,198.36917130399064,98.78708659831095,583.429883787905
1.0,0.25,-10,0.05,poly,140.42567798165615,18.09000729792319,30.81461434164237,250.03674162166993,122.33567068373296,676.261035548491
1.0,0.25,-10,0.05,random forest,69.72969251840483,18.09000729792319,45.63410102480415,93.82528401200551,51.63968522048164,285.45972574820405
1.0,0.25,-10,0.05,xgboost,293.7102797238972,18.09000729792319,168.70341798435234,418.7171414634421,275.620272425974,1523.6050925066038
1.0,0.25,-10,0.05,mlp,115.82576495533456,18.09000729792319,33.170563860482076,198.48096605018705,97.73575765741137,540.2748381899871
1.0,0.25,0,0.01,poly,134.22419026274804,10.37419024723616,24.82689573927847,243.6214847862176,123.85000001551188,1193.828116353538
1.0,0.25,0,0.01,random forest,66.56447594487314,10.37419024723616,39.074785151716625,94.05416673802965,56.19028569763698,541.635388965485
1.0,0.25,0,0.01,xgboost,284.0276395508615,10.37419024723616,159.1529938588338,408.9022852428892,273.65344930362534,2637.8294862727307
1.0,0.25,0,0.01,mlp,125.66704866868939,10.37419024723616,16.85063121115303,234.48346612622575,115.29285842145323,1111.3432053375827
1.0,0.25,0,0.03,poly,134.39071728176253,11.309335833005987,24.9662541557514,243.81518040777365,123.08138144875655,1088.3166197041112
1.0,0.25,0,0.03,random forest,66.70634534626093,11.309335833005987,39.16832722149336,94.2443634710285,55.39700951325494,489.83433095673297
1.0,0.25,0,0.03,xgboost,284.37115187412326,11.309335833005987,159.46267310751742,409.2796306407291,273.06181604111725,2414.481452077794
1.0,0.25,0,0.03,mlp,125.77799437219166,11.309335833005987,16.932541986196256,234.62344675818707,114.46865853918567,1012.1607513423735
1.0,0.25,0,0.05,poly,134.2671099322406,12.286103791997677,24.803763891277313,243.7304559732039,121.98100614024293,992.8371777201896
1.0,0.25,0,0.05,random forest,67.23292704884501,12.286103791997677,41.457468746778474,93.00838535091155,54.94682325684734,447.22740575117
1.0,0.25,0,0.05,xgboost,284.7098713749559,12.286103791997677,159.76884064782723,409.6509021020846,272.42376758295825,2217.3324610882446
1.0,0.25,0,0.05,mlp,125.90480248734937,12.286103791997677,17.032188392944022,234.77741658175472,113.6186986953517,924.7740424377263
1.0,0.25,10,0.01,poly,122.80955839323002,6.502098346697516,15.291883896138302,230.32723289032174,116.3074600465325,1788.76808446932
1.0,0.25,10,0.01,random forest,64.5143825130488,6.502098346697516,37.05856675844248,91.97019826765512,58.012284166351286,892.2086543925675
1.0,0.25,10,0.01,xgboost,275.61873878653,6.502098346697516,150.87748002889094,400.35999754416906,269.1166404398325,4138.919870021955
1.0,0.25,10,0.01,mlp,131.73546061141224,6.502098346697516,21.94274131223824,241.52817991058623,125.23336226471471,1926.0453408601861
1.0,0.25,10,0.03,poly,122.03439082039195,7.215562137379108,14.463615969715406,229.6051656710685,114.81882868301284,1591.2665776684478
1.0,0.25,10,0.03,random forest,63.952942586719985,7.215562137379108,36.61776828616266,91.28811688727731,56.737380449340876,786.319615424301
1.0,0.25,10,0.03,xgboost,275.9879138967929,7.215562137379108,151.2057528766527,400.77007491693314,268.7723517594138,3724.8983051102846
1.0,0.25,10,0.03,mlp,131.81709869782705,7.215562137379108,21.984911370649314,241.64928602500478,124.60153656044794,1726.8444812493385
1.0,0.25,10,0.05,poly,125.41549636024308,7.976191506220651,17.79118818462004,233.03980453586612,117.43930485402242,1472.373184149744
1.0,0.25,10,0.05,random forest,61.84036176917734,7.976191506220651,35.81051627812279,87.8702072602319,53.86417026295669,675.3118981778194
1.0,0.25,10,0.05,xgboost,276.35194536852595,7.976191506220651,151.530252757889,401.1736379791629,268.3757538623053,3364.7105094329595
1.0,0.25,10,0.05,mlp,125.02942157933897,7.976191506220651,16.550588950070434,233.50825420860753,117.05323007311833,1467.532844238108
1.0,0.4,-10,0.01,poly,268.46824736525866,20.97668496573434,62.91357545283114,474.0229192776862,247.49156239952433,1179.8411560444595
1.0,0.4,-10,0.01,random forest,103.991801471344,20.97668496573434,55.8812735388253,152.1023294038627,83.01511650560967,395.74945536540133
1.0,0.4,-10,0.01,xgboost,410.62052126963704,20.97668496573434,203.21870927491543,618.0223332643586,389.6438363039027,1857.5091199605201
1.0,0.4,-10,0.01,mlp,160.01526698920208,20.97668496573434,49.43812576000967,270.5924082183945,139.03858202346774,662.8243797844555
1.0,0.4,-10,0.03,poly,268.5301653835276,21.930538005986183,62.98732390597365,474.0730068610816,246.59962737754142,1124.4577187765722
1.0,0.4,-10,0.03,random forest,104.06573148426033,21.930538005986183,55.92898746099926,152.2024755075214,82.13519347827415,374.52429783461963
1.0,0.4,-10,0.03,xgboost,410.74302631824224,21.930538005986183,203.35235232286132,618.1337003136232,388.81248831225605,1772.9272679317096
1.0,0.4,-10,0.03,mlp,160.07526511723586,21.930538005986183,49.53302296829402,270.6175072661777,138.14472711124967,629.9194624114626
1.0,0.4,-10,0.05,poly,268.5909543825728,22.899156867157657,63.060481577203916,474.1214271879417,245.69179751541515,1072.9294486286974
1.0,0.4,-10,0.05,random forest,104.13890482580422,22.899156867157657,55.976155203411864,152.3016544481966,81.23974795864656,354.77178670784133
1.0,0.4,-10,0.05,xgboost,410.8637064279675,22.899156867157657,203.48470478301118,618.2427080729237,387.9645495608098,1694.2307169275516
1.0,0.4,-10,0.05,mlp,160.1343751074026,22.899156867157657,49.62714063963804,270.6416095751672,137.23521824024493,599.3024941327421
1.0,0.4,0,0.01,poly,267.35813925256434,16.23179427216629,62.232252267298605,472.4840262378301,251.12634498039804,1547.1262188864769
1.0,0.4,0,0.01,random forest,107.8161851088226,16.23179427216629,52.643834486192425,162.98853573145277,91.5843908366563,564.2283859751844
1.0,0.4,0,0.01,xgboost,402.21157087320097,16.23179427216629,194.92850673601356,609.4946350103884,385.9797766010347,2377.9242770646697
1.0,0.4,0,0.01,mlp,155.05803171433277,16.23179427216629,44.17780196812018,265.9382614605454,138.82623744216647,855.2735151419508
1.0,0.4,0,0.03,poly,267.4338592849476,17.086528240496506,62.31722966532371,472.55048890457147,250.34733104445107,1465.1737762098849
1.0,0.4,0,0.03,random forest,107.89139998422634,17.086528240496506,52.697185093684155,163.0856148747685,90.80487174372983,531.4413230448691
1.0,0.4,0,0.03,xgboost,402.35043063225874,17.086528240496506,195.07537459980364,609.6254866647139,385.26390239176226,2254.7816441648715
1.0,0.4,0,0.03,mlp,155.10541227530706,17.086528240496506,44.25661140597663,265.9542131446375,138.01888403481055,807.7643514947302
1.0,0.4,0,0.05,poly,267.5083566012334,17.961694299693647,62.401541818177975,472.61517138428883,249.54666230153975,1389.3269651393412
1.0,0.4,0,0.05,random forest,107.96576405958216,17.961694299693647,52.74989478628711,163.1816333328772,90.00406975988851,501.0889744483827
1.0,0.4,0,0.05,xgboost,402.48734175529427,17.961694299693647,195.22084902467074,609.7538344859178,384.5256474556006,2140.8094416914723
1.0,0.4,0,0.05,mlp,155.15195231966584,17.961694299693647,44.334715725627206,265.96918891370444,137.1902580199722,763.7935248809579
1.0,0.4,10,0.01,poly,274.16483247441397,12.41853397324605,69.18852346863508,479.14114148019286,261.7462985011679,2107.7069086017946
1.0,0.4,10,0.01,random forest,88.73961974996,12.41853397324605,36.18874643117425,141.29049306874575,76.32108577671394,614.5740386195084
1.0,0.4,10,0.01,xgboost,394.1648066067112,12.41853397324605,187.0251215524458,601.3044916609765,381.74627263346514,3074.0043346169746
1.0,0.4,10,0.01,mlp,151.8359384420555,12.41853397324605,41.33270400679022,262.3391728773208,139.41740446880945,1122.6559010038081
1.0,0.4,10,0.03,poly,274.24554827835925,13.16256086421438,69.27562511073825,479.21547144598026,261.0829874141449,1983.5272946312632
1.0,0.4,10,0.03,random forest,88.81505713798263,13.16256086421438,36.238362181217234,141.39175209474803,75.65249627376825,574.7551487450132
1.0,0.4,10,0.03,xgboost,394.313915934098,13.16256086421438,187.17869293666195,601.4491389315341,381.15135506988366,2895.7234006502204
1.0,0.4,10,0.03,mlp,151.89034869448784,13.16256086421438,41.416520084644844,262.36417730433084,138.72778783027346,1053.9574271404788
1.0,0.4,10,0.05,poly,274.32497815210724,13.930606788151916,69.36201833837785,479.2879379658366,260.3943713639553,1869.224904010805
1.0,0.4,10,0.05,random forest,88.8896302738071,13.930606788151916,36.28734377437495,141.49191677323924,74.95902348565518,538.0887180693979
1.0,0.4,10,0.05,xgboost,394.4686470363158,13.930606788151916,187.3390212078717,601.5982728647599,380.5380402481639,2731.66880693104
1.0,0.4,10,0.05,mlp,151.94384514927629,13.930606788151916,41.49956522237146,262.3881250761811,138.01323836112437,990.7195031770306
